-- INSERTAR USUARIOS
INSERT INTO Usuario (IdUsuario, NombreCompleto, CorreoElectronico, Contrasenia, IdRol) VALUES
-- Docentes
(1, 'docente1', 'docente1.correo@prueba.com', '123456', 1),
(2, 'docente2', 'docente2.correo@prueba.com', '123456', 1),
(3, 'docente3', 'docente3.correo@prueba.com', '123456', 1),
(4, 'docente4', 'docente4.correo@prueba.com', '123456', 1),
(5, 'docente5', 'docente5.correo@prueba.com', '123456', 1),
(6, 'docente6', 'docente6.correo@prueba.com', '123456', 1),
(7, 'docente7', 'docente7.correo@prueba.com', '123456', 1),
(8, 'docente8', 'docente8.correo@prueba.com', '123456', 1),
(9, 'docente9', 'docente9.correo@prueba.com', '123456', 1),
(10, 'docente10', 'docente10.correo@prueba.com', '123456', 1),
(11, 'docente11', 'docente11.correo@prueba.com', '123456', 1),
(12, 'docente12', 'docente12.correo@prueba.com', '123456', 1),
(13, 'docente13', 'docente13.correo@prueba.com', '123456', 1),
(14, 'docente14', 'docente14.correo@prueba.com', '123456', 1),
(15, 'docente15', 'docente15.correo@prueba.com', '123456', 1),
(16, 'docente16', 'docente16.correo@prueba.com', '123456', 1),
(17, 'docente17', 'docente17.correo@prueba.com', '123456', 1),
(18, 'docente18', 'docente18.correo@prueba.com', '123456', 1),
(19, 'docente19', 'docente19.correo@prueba.com', '123456', 1),
(20, 'docente20', 'docente20.correo@prueba.com', '123456', 1),
(21, 'docente21', 'docente21.correo@prueba.com', '123456', 1),
(22, 'docente22', 'docente22.correo@prueba.com', '123456', 1),
(23, 'docente23', 'docente23.correo@prueba.com', '123456', 1),
(24, 'docente24', 'docente24.correo@prueba.com', '123456', 1),
(25, 'docente25', 'docente25.correo@prueba.com', '123456', 1),
(26, 'docente26', 'docente26.correo@prueba.com', '123456', 1),
(27, 'docente27', 'docente27.correo@prueba.com', '123456', 1),
(28, 'docente28', 'docente28.correo@prueba.com', '123456', 1),
(29, 'docente29', 'docente29.correo@prueba.com', '123456', 1),
(30, 'docente30', 'docente30.correo@prueba.com', '123456', 1),
(31, 'docente31', 'docente31.correo@prueba.com', '123456', 1),
(32, 'docente32', 'docente32.correo@prueba.com', '123456', 1),
(33, 'docente33', 'docente33.correo@prueba.com', '123456', 1),
(34, 'docente34', 'docente34.correo@prueba.com', '123456', 1),
(35, 'docente35', 'docente35.correo@prueba.com', '123456', 1),
(36, 'docente36', 'docente36.correo@prueba.com', '123456', 1),
(37, 'docente37', 'docente37.correo@prueba.com', '123456', 1),
(38, 'docente38', 'docente38.correo@prueba.com', '123456', 1),
(39, 'docente39', 'docente39.correo@prueba.com', '123456', 1),
(40, 'docente40', 'docente40.correo@prueba.com', '123456', 1),
(41, 'docente41', 'docente41.correo@prueba.com', '123456', 1),
(42, 'docente42', 'docente42.correo@prueba.com', '123456', 1),
(43, 'docente43', 'docente43.correo@prueba.com', '123456', 1),
(44, 'docente44', 'docente44.correo@prueba.com', '123456', 1),
(45, 'docente45', 'docente45.correo@prueba.com', '123456', 1),
(46, 'docente46', 'docente46.correo@prueba.com', '123456', 1),
(47, 'docente47', 'docente47.correo@prueba.com', '123456', 1),
(48, 'docente48', 'docente48.correo@prueba.com', '123456', 1),
(49, 'docente49', 'docente49.correo@prueba.com', '123456', 1),
(50, 'docente50', 'docente50.correo@prueba.com', '123456', 1),
(51, 'docente51', 'docente51.correo@prueba.com', '123456', 1),
(52, 'docente52', 'docente52.correo@prueba.com', '123456', 1),
(53, 'docente53', 'docente53.correo@prueba.com', '123456', 1),
(54, 'docente54', 'docente54.correo@prueba.com', '123456', 1),
(55, 'docente55', 'docente55.correo@prueba.com', '123456', 1),
(56, 'docente56', 'docente56.correo@prueba.com', '123456', 1),
(57, 'docente57', 'docente57.correo@prueba.com', '123456', 1),
(58, 'docente58', 'docente58.correo@prueba.com', '123456', 1),
(59, 'docente59', 'docente59.correo@prueba.com', '123456', 1),
(60, 'docente60', 'docente60.correo@prueba.com', '123456', 1),
-- Administrador
(61, 'administrador1', 'administrador1.correo@prueba.com', '123456', 2),
-- Evaluador
(62, 'evaluador1', 'evaluador1.correo@prueba.com', '123456', 3);


-- INSERTAR CURSOS
INSERT INTO Curso (IdCurso, NombreCurso, CodigoCurso, Carrera, Creditos, Tipo) VALUES
(1, 'MODELOS PROBABILISTICOS', 'IF650AIN', 'INGENIERIA INFORMATICA', 4, 'TEORICO-PRACTICO'),
(2, 'PENSAMIENTO COMPUTACIONAL E INTELIGENCIA ARTIFICIAL', 'IFG01AEN', 'ENFERMERIA', 3, 'TEORICO-PRACTICO'),
(3, 'PENSAMIENTO COMPUTACIONAL E INTELIGENCIA ARTIFICIAL', 'IFG01AHI', 'HISTORIA', 3, 'PRACTICO'),
(4, 'ALGORITMOS DE PROGRAMACIÓN', 'IF103AEI', 'INGENIERIA ELECTRICA', 4, 'TEORICO-PRACTICO'),
(5, 'ABSTRACCIÓN DE DATOS Y OBJETOS', 'IF450AIN', 'INGENIERIA INFORMATICA', 4, 'TEORICO-PRACTICO'),
(6, 'APRENDIZAJE AUTOMATICO', 'IF652AIN', 'INGENIERIA INFORMATICA', 4, 'TEORICO-PRACTICO'),
(7, 'ALGORITMOS Y ESTRUCTURAS DE DATOS I', 'IFI02AIN', 'INGENIERIA INFORMATICA', 4, 'TEORICO-PRACTICO'),
(8, 'PROGRAMACIÓN I', 'IFI03AIN', 'INGENIERIA INFORMATICA', 2, 'PRACTICO'),
(9, 'PROGRAMACIÓN DIGITAL II', 'IF109ALI', 'INGENIERIA ELECTRONICA', 3, 'TEORICO'),
(10, 'INTELIGENCIA ARTIFICIAL', 'IF651AIN', 'INGENIERIA INFORMATICA', 4, 'TEORICO-PRACTICO'),
(11, 'DEEP LEARNING', 'IF662AIN', 'INGENIERIA INFORMATICA', 4, 'TEORICO-PRACTICO'),
(12, 'EMPRENDIMIENTO E INNOVACIÓN', 'IF484AIN', 'INGENIERIA INFORMATICA', 3, 'TEORICO-PRACTICO'),
(13, 'COMPILADORES', 'IF466AIN', 'INGENIERIA INFORMATICA', 3, 'TEORICO-PRACTICO'),
(14, 'PENSAMIENTO COMPUTACIONAL E INTELIGENCIA ARTIFICIAL', 'IFG01AFL', 'FILOSOFIA', 3, 'PRACTICO'),
(15, 'ORGANIZACIÓN Y ARQUITECTURA DEL COMPUTADOR', 'IF550AIN', 'INGENIERIA INFORMATICA', 4, 'TEORICO-PRACTICO'),
(16, 'SISTEMAS OPERATIVOS', 'IF551AIN', 'INGENIERIA INFORMATICA', 4, 'TEORICO-PRACTICO'),
(17, 'INGENIERIA ECONOMICA', 'IF481AIN', 'INGENIERIA INFORMATICA', 3, 'TEORICO-PRACTICO'),
(18, 'FORMULACIÓN DE PROYECTOS DE TECNOLOGÍAS DE LA INFORMACIÓN', 'IF483AIN', 'INGENIERIA INFORMATICA', 3, 'TEORICO-PRACTICO'),
(19, 'LENGUAJE ENSAMBLADOR', 'IF553AIN', 'INGENIERIA INFORMATICA', 3, 'TEORICO'),
(20, 'PROGRAMACIÓN CIENTÍFICA', 'IFF02AFI', 'FISICA', 4, 'TEORICO-PRACTICO'),
(21, 'ANÁLISIS Y DISEÑO DE SISTEMAS DE INFORMACIÓN', 'IF610AIN', 'INGENIERIA INFORMATICA', 4, 'TEORICO-PRACTICO'),
(22, 'REDES DE COMPUTADORAS II', 'IF554AIN', 'INGENIERIA INFORMATICA', 4, 'TEORICO-PRACTICO'),
(23, 'INGENIERÍA DE SOFTWARE I', 'IF614AIN', 'INGENIERIA INFORMATICA', 4, 'TEORICO-PRACTICO'),
(24, 'SEMINARIO DE INVESTIGACIÓN I', 'IF710BIN', 'INGENIERIA INFORMATICA', 3, 'TEORICO-PRACTICO'),
(25, 'PENSAMIENTO COMPUTACIONAL E INTELIGENCIA ARTIFICIAL', 'IFG01ADR', 'DERECHO', 3, 'PRACTICO'),
(26, 'BIOINFORMATICA', 'IF664AIN', 'INGENIERIA INFORMATICA', 4, 'TEORICO-PRACTICO'),
(27, 'ANÁLISIS Y DISEÑO DE SISTEMAS DE INFORMACIÓN', 'IF481BIN', 'INGENIERIA INFORMATICA', 4, 'TEORICO-PRACTICO'),
(28, 'PROGRAMACIÓN I', 'IF501AME', 'MATEMATICA', 3, 'TEORICO-PRACTICO'),
(29, 'PROGRAMACIÓN DIGITAL II', 'IF109ALI', 'INGENIERIA ELECTRONICA', 3, 'PRACTICO'),
(30, 'FUNDAMENTOS DE LA PROGRAMACIÓN', 'IFI01BIN', 'INGENIERIA INFORMATICA', 3, 'TEORICO-PRACTICO'),
(31, 'PENSAMIENTO COMPUTACIONAL E INTELIGENCIA ARTIFICIAL', 'IFG01AIN', 'INGENIERIA INFORMATICA', 4, 'TEORICO-PRACTICO'),
(32, 'PENSAMIENTO COMPUTACIONAL E INTELIGENCIA ARTIFICIAL', 'IFG01ABI', 'BIOLOGIA', 3, 'TEORICO-PRACTICO'),
(33, 'COMPUTACIÓN GRÁFICA II', 'IF459AIN', 'INGENIERIA INFORMATICA', 4, 'TEORICO-PRACTICO'),
(34, 'INTELIGENCIA ARTIFICIAL', 'IF651BIN', 'INGENIERIA INFORMATICA', 4, 'TEORICO-PRACTICO'),
(35, 'METODOLOGIA DE DESARROLLO DE SOFTWARE', 'IF611BIN', 'INGENIERIA INFORMATICA', 3, 'TEORICO-PRACTICO'),
(36, 'PROGRAMACIÓN CIENTÍFICA', 'IF167AFI', 'FISICA', 4, 'TEORICO-PRACTICO'),
(37, 'FUNDAMENTOS DE LA PROGRAMACIÓN', 'IFI01AIN', 'INGENIERIA INFORMATICA', 3, 'PRACTICO'),
(38, 'FUNDAMENTOS Y DISEÑO DE BASE DE DATOS', 'IF612BIN', 'INGENIERIA INFORMATICA', 4, 'TEORICO-PRACTICO'),
(39, 'ALGORITMOS Y ESTRUCTURAS DE DATOS', 'IF452AIN', 'INGENIERIA INFORMATICA', 4, 'TEORICO-PRACTICO'),
(40, 'ADMINISTRACIÓN DE TECNOLOGÍAS DE LA INFORMACIÓN', 'IF480AIN', 'INGENIERIA INFORMATICA', 3, 'TEORICO-PRACTICO'),
(41, 'PLANEAMIENTO Y DIRECCIÓN ESTRATEGICA DE TECNOLOGIA DE INFORMACIÓN', 'IF482AIN', 'INGENIERIA INFORMATICA', 3, 'TEORICO-PRACTICO'),
(42, 'PENSAMIENTO COMPUTACIONAL E INTELIGENCIA ARTIFICIAL', 'IFG01AMI', 'INGENIERIA DE MINAS', 3, 'PRACTICO'),
(43, 'ORGANIZACIÓN Y ARQUITECTURA DEL COMPUTADOR', 'IF550BIN', 'INGENIERIA INFORMATICA', 4, 'TEORICO-PRACTICO'),
(44, 'PENSAMIENTO COMPUTACIONAL E INTELIGENCIA ARTIFICIAL', 'IFG01AMI', 'INGENIERIA DE MINAS', 3, 'TEORICO-PRACTICO'),
(45, 'PENSAMIENTO COMPUTACIONAL E INTELIGENCIA ARTIFICIAL', 'IFG01AME', 'MATEMATICA', 3, 'TEORICO'),
(46, 'PENSAMIENTO COMPUTACIONAL E INTELIGENCIA ARTIFICIAL', 'IFG01AFI', 'FISICA', 3, 'TEORICO'),
(47, 'MÉTODOS NUMÉRICOS', 'IF471AME', 'MATEMATICA', 3, 'TEORICO-PRACTICO'),
(48, 'MÉTODOS NUMÉRICOS', 'IF457AIN', 'INGENIERIA INFORMATICA', 3, 'TEORICO-PRACTICO'),
(49, 'PENSAMIENTO COMPUTACIONAL E INTELIGENCIA ARTIFICIAL', 'IFG01AEN', 'ENFERMERIA', 3, 'PRACTICO'),
(50, 'PENSAMIENTO COMPUTACIONAL E INTELIGENCIA ARTIFICIAL', 'IFG01BIN', 'INGENIERIA INFORMATICA', 4, 'PRACTICO'),
(51, 'QUECHUA', 'IF063AIN', 'INGENIERIA INFORMATICA', 2, 'PRACTICO'),
(52, 'PENSAMIENTO COMPUTACIONAL E INTELIGENCIA ARTIFICIAL', 'IFG01CEU', 'EDUCACION', 3, 'TEORICO-PRACTICO'),
(53, 'PENSAMIENTO COMPUTACIONAL E INTELIGENCIA ARTIFICIAL', 'IFG01AFL', 'FILOSOFIA', 3, 'TEORICO-PRACTICO'),
(54, 'MSISTEMAS EMBEBIDOS', 'IF556AIN', 'INGENIERIA INFORMATICA', 4, 'TEORICO-PRACTICO'),
(55, 'ROBOTICA', 'IF654AIN', 'INGENIERIA INFORMATICA', 4, 'TEORICO-PRACTICO'),
(56, 'PENSAMIENTO COMPUTACIONAL E INTELIGENCIA ARTIFICIAL', 'IFG01BIN', 'INGENIERIA INFORMATICA', 4, 'TEORICO'),
(57, 'PENSAMIENTO COMPUTACIONAL E INTELIGENCIA ARTIFICIAL', 'IFG01AIN', 'INGENIERIA INFORMATICA', 4, 'PRACTICO'),
(58, 'PENSAMIENTO COMPUTACIONAL E INTELIGENCIA ARTIFICIAL', 'IFG01BCO', 'CONTABILIDAD', 3, 'PRACTICO'),
(59, 'PENSAMIENTO COMPUTACIONAL E INTELIGENCIA ARTIFICIAL', 'IFG01AEI', 'INGENIERIA ELECTRICA', 3, 'PRACTICO'),
(60, 'PENSAMIENTO COMPUTACIONAL E INTELIGENCIA ARTIFICIAL', 'IFG01BAE', 'CIENCIAS ADMINISTRATIVAS', 3, 'TEORICO'),
(61, 'LENGUAJE DE PROGRAMACIÓN', 'IFG01AME', 'MATEMATICA', 4, 'PRACTICO'),
(62, 'FUNDAMENTOS Y DISEÑO DE BASE DE DATOS', 'IF612AIN', 'INGENIERIA INFORMATICA', 4, 'TEORICO-PRACTICO'),
(63, 'PENSAMIENTO COMPUTACIONAL E INTELIGENCIA ARTIFICIAL', 'IFG01AAT', 'ARQUITECTURA', 3, 'PRACTICO'),
(64, 'INGENIERÍA ECONÓMICA', 'IF481BIN', 'INGENIERIA INFORMATICA', 3, 'TEORICO-PRACTICO'),
(65, 'SEMINARIO DE INVESTIGACIÓN', 'IF710AIN', 'INGENIERIA INFORMATICA', 3, 'TEORICO-PRACTICO'),
(66, 'PENSAMIENTO COMPUTACIONAL E INTELIGENCIA ARTIFICIAL', 'IFG01AAQ', 'ARQUEOLOGIA', 3, 'TEORICO'),
(67, 'INGENIERÍA DE SOFTWARE II', 'IF617AIN', 'INGENIERIA INFORMATICA', 4, 'TEORICO-PRACTICO'),
(68, 'PROGRAMACIÓN I', 'IFI03BIN', 'INGENIERIA INFORMATICA', 2, 'PRACTICO'),
(69, 'PENSAMIENTO COMPUTACIONAL E INTELIGENCIA ARTIFICIAL', 'IFG01ACC', 'CIENCIAS DE LA COMUNICACION', 3, 'PRACTICO'),
(70, 'PROGRAMACIÓN II', 'IF453BIN', 'INGENIERIA INFORMATICA', 2, 'PRACTICO'),
(71, 'PENSAMIENTO COMPUTACIONAL E INTELIGENCIA ARTIFICIAL', 'IFG01AMC', 'INGENIERIA MECANICA', 3, 'TEORICO'),
(72, 'PENSAMIENTO COMPUTACIONAL E INTELIGENCIA ARTIFICIAL', 'IFG01AMT', 'INGENIERIA METALURGICA', 3, 'PRACTICO'),
(73, 'PENSAMIENTO COMPUTACIONAL E INTELIGENCIA ARTIFICIAL', 'IFG01AAN', 'ANTROPOLOGIA', 3, 'TEORICO-PRACTICO'),
(74, 'REDES DE COMPUTADORAS I', 'IF552AIN', 'INGENIERIA INFORMATICA', 4, 'TEORICO-PRACTICO'),
(75, 'PENSAMIENTO COMPUTACIONAL E INTELIGENCIA ARTIFICIAL', 'IFG01BDR', 'DERECHO', 3, 'PRACTICO'),
(76, 'PENSAMIENTO COMPUTACIONAL E INTELIGENCIA ARTIFICIAL', 'IFG01ACO', 'CONTABILIDAD', 3, 'TEORICO'),
(77, 'PENSAMIENTO COMPUTACIONAL E INTELIGENCIA ARTIFICIAL', 'IFG01AQF', 'FARMACIA Y BIOQUIMICA', 3, 'PRACTICO'),
(78, 'VISION COMPUTACIONAL', 'IF657AIN', 'INGENIERIA INFORMATICA', 4, 'TEORICO-PRACTICO'),
(79, 'PENSAMIENTO COMPUTACIONAL E INTELIGENCIA ARTIFICIAL', 'IFG01ATU', 'TURISMO', 3, 'TEORICO-PRACTICO'),
(80, 'PENSAMIENTO COMPUTACIONAL E INTELIGENCIA ARTIFICIAL', 'IFG01ACO', 'CONTABILIDAD', 3, 'PRACTICO'),
(81, 'PROCESAMIENTO DE LENGUAJE NATURAL', 'IF656AIN', 'INGENIERIA INFORMATICA', 4, 'TEORICO-PRACTICO'),
(82, 'MINERIA DE DATOS', 'IF653AIN', 'INGENIERIA INFORMATICA', 4, 'TEORICO-PRACTICO'),
(83, 'MÉTODOS NUMÉRICOS', 'IF457AIN', 'INGENIERIA INFORMATICA', 3, 'PRACTICO'),
(84, 'TEORIA DE LA COMPUTACIÓN', 'IF454BIN', 'INGENIERIA INFORMATICA', 3, 'TEORICO-PRACTICO'),
(85, 'ALGORITMOS PARALELOS Y DISTRIBUIDOS', 'IF455AIN', 'INGENIERIA INFORMATICA', 4, 'TEORICO-PRACTICO'),
(86, 'LENGUAJE DE PROGRAMACIÓN', 'IF470AME', 'MATEMATICA', 4, 'TEORICO-PRACTICO'),
(87, 'COMPUTACIÓN GRÁFICA I', 'IF458BIN', 'INGENIERIA INFORMATICA', 4, 'PRACTICO'),
(88, 'PENSAMIENTO COMPUTACIONAL E INTELIGENCIA ARTIFICIAL', 'IFG01AAE', 'CIENCIAS ADMINISTRATIVAS', 3, 'PRACTICO'),
(89, 'APRENDIZAJE AUTOMÁTICO', 'IF652AIN', 'INGENIERIA INFORMATICA', 4, 'PRACTICO'),
(90, 'MODELADO Y SIMULACIÓN', 'IF669AIN', 'INGENIERIA INFORMATICA', 4, 'TEORICO-PRACTICO'),
(91, 'METODOLOGÍA DE DESARROLLO DE SOFTWARE', 'IF611AIN', 'INGENIERIA INFORMATICA', 3, 'TEORICO-PRACTICO'),
(92, 'PENSAMIENTO COMPUTACIONAL E INTELIGENCIA ARTIFICIAL', 'IFG01AEU', 'EDUCACION', 3, 'PRACTICO'),
(93, 'FUNDAMENTOS Y DISEÑO DE BASE DE DATOS', 'IF612AIN', 'INGENIERIA INFORMATICA', 4, 'PRACTICO'),
(94, 'MÉTODOS NUMÉRICOS', 'IF457BIN', 'INGENIERIA INFORMATICA', 3, 'PRACTICO'),
(95, 'PENSAMIENTO COMPUTACIONAL E INTELIGENCIA ARTIFICIAL', 'IFG01BCO', 'CONTABILIDAD', 3, 'PRACTICO'),
(96, 'DESARROLLO DE SOFTWARE I', 'IF613BIN', 'INGENIERIA INFORMATICA', 2, 'PRACTICO'),
(97, 'FUNDAMENTOS DE LA PROGRAMACIÓN', 'IFI01AIN', 'INGENIERIA INFORMATICA', 3, 'TEORICO-PRACTICO'),
(98, 'PENSAMIENTO COMPUTACIONAL E INTELIGENCIA ARTIFICIAL', 'IFG01AME', 'MATEMATICA', 3, 'PRACTICO'),
(99, 'PENSAMIENTO COMPUTACIONAL E INTELIGENCIA ARTIFICIAL', 'IFG01AFI', 'FISICA', 3, 'PRACTICO'),
(100, 'PENSAMIENTO COMPUTACIONAL E INTELIGENCIA ARTIFICIAL', 'IFG01ACI', 'INGENIERIA CIVIL', 3, 'PRACTICO'),
(101, 'PENSAMIENTO COMPUTACIONAL E INTELIGENCIA ARTIFICIAL', 'IFG01AQI', 'INGENIERIA QUIMICA', 3, 'PRACTICO'),
(102, 'PENSAMIENTO COMPUTACIONAL E INTELIGENCIA ARTIFICIAL', 'IFG01AEI', 'INGENIERIA ELECTRICA', 3, 'TEORICO'),
(103, 'TEORIA DE LA COMPUTACIÓN', 'IF454AIN', 'INGENIERIA INFORMATICA', 3, 'TEORICO-PRACTICO'),
(104, 'PENSAMIENTO COMPUTACIONAL E INTELIGENCIA ARTIFICIAL', 'IFG01AAT', 'ARQUITECTURA', 3, 'TEORICO-PRACTICO'),
(105, 'PENSAMIENTO COMPUTACIONAL E INTELIGENCIA ARTIFICIAL', 'IFG01AHI', 'HISTORIA', 3, 'TEORICO'),
(106, 'COMPILADORES', 'IF466AIN', 'INGENIERIA INFORMATICA', 3, 'PRACTICO'),
(107, 'PENSAMIENTO COMPUTACIONAL E INTELIGENCIA ARTIFICIAL', 'IFG01APS', 'PSICOLOGIA', 3, 'TEORICO-PRACTICO'),
(108, 'PENSAMIENTO COMPUTACIONAL E INTELIGENCIA ARTIFICIAL', 'IFG01BAE', 'CIENCIAS ADMINISTRATIVAS', 3, 'PRACTICO'),
(109, 'PENSAMIENTO COMPUTACIONAL E INTELIGENCIA ARTIFICIAL', 'IFG01AMT', 'INGENIERIA METALURGICA', 3, 'TEORICO'),
(110, 'DESARROLLO DE SOFTWARE I', 'IF613AIN', 'INGENIERIA INFORMATICA', 2, 'PRACTICO'),
(111, 'PENSAMIENTO COMPUTACIONAL E INTELIGENCIA ARTIFICIAL', 'IFG01AQF', 'FARMACIA Y BIOQUIMICA', 3, 'TEORICO-PRACTICO'),
(112, 'PENSAMIENTO COMPUTACIONAL E INTELIGENCIA ARTIFICIAL', 'IFG01AQI', 'INGENIERIA QUIMICA', 3, 'TEORICO-PRACTICO'),
(113, 'ANALISIS Y DISEÑO DE ALGORITMOS', 'IF467AIN', 'INGENIERIA INFORMATICA', 3, 'TEORICO-PRACTICO'),
(114, 'PROGRAMACIÓN DIGITAL', 'IF401AMI', 'INGENIERIA MINAS', 3, 'TEORICO-PRACTICO'),
(115, 'MÉTODOS NUMÉRICOS', 'IF457BIN', 'INGENIERIA INFORMATICA', 3, 'TEORICO'),
(116, 'ANÁLISIS NUMÉRICO', 'IF212AEI', 'INGENIERIA ELECTRICA', 3, 'TEORICO-PRACTICO'),
(117, 'COMPUTACIÓN GRÁFICA', 'IF458BIN', 'INGENIERIA INFORMATICA', 4, 'TEORICO'),
(118, 'PENSAMIENTO COMPUTACIONAL E INTELIGENCIA ARTIFICIAL', 'IFG01ACI', 'INGENIERIA CIVIL', 3, 'PRACTICO'),
(119, 'PENSAMIENTO COMPUTACIONAL E INTELIGENCIA ARTIFICIAL', 'IFG01AAO', 'AGRONOMIA', 3, 'TEORICO-PRACTICO'),
(120, 'ANÁLISIS DE DATOS EMPRESARIALES', 'IF619AIN', 'INGENIERIA INFORMATICA', 3, 'TEORICO-PRACTICO'),
(121, 'PENSAMIENTO COMPUTACIONAL E INTELIGENCIA ARTIFICIAL', 'IFG01BDR', 'DERECHO', 3, 'TEORICO'),
(122, 'PENSAMIENTO COMPUTACIONAL E INTELIGENCIA ARTIFICIAL', 'IFG01AZO', 'ZOOTECNIA', 3, 'TEORICO-PRACTICO'),
(123, 'PENSAMIENTO COMPUTACIONAL E INTELIGENCIA ARTIFICIAL', 'IFG01BTU', 'TURISMO', 3, 'TEORICO-PRACTICO'),
(124, 'PENSAMIENTO COMPUTACIONAL E INTELIGENCIA ARTIFICIAL', 'IFG01ADR', 'DERECHO', 3, 'TEORICO-PRACTICO'),
(125, 'DANZA MODERNA', 'IF062AIN', 'INGENIERIA INFORMATICA', 2, 'TEORICO-PRACTICO'),
(126, 'PENSAMIENTO COMPUTACIONAL E INTELIGENCIA ARTIFICIAL', 'IFG01AMC', 'INGENIERIA MECANICA', 3, 'PRACTICO'),
(127, 'PENSAMIENTO COMPUTACIONAL E INTELIGENCIA ARTIFICIAL', 'IFG01ALI', 'INGENIERIA ELECTRONICA', 3, 'TEORICO'),
(128, 'PENSAMIENTO COMPUTACIONAL E INTELIGENCIA ARTIFICIAL', 'IFG01BCO', 'CONTABILIDAD', 3, 'TEORICO-PRACTICO'),
(129, 'ALGORITMOS AVANZADOS', 'IF456AIN', 'INGENIERIA INFORMATICA', 4, 'TEORICO-PRACTICO'),
(130, 'SEMINARIO DE INVESTIGACIÓN II', 'IF711BIN', 'INGENIERIA INFORMATICA', 3, 'TEORICO-PRACTICO'),
(131, 'PENSAMIENTO COMPUTACIONAL E INTELIGENCIA ARTIFICIAL', 'IFG01AGI', 'INGENIERIA GEOLOGICA', 3, 'PRACTICO'),
(132, 'MÚSICA', 'IF060AIN', 'INGENIERIA INFORMATICA', 2, 'PRACTICO'),
(133, 'PENSAMIENTO COMPUTACIONAL E INTELIGENCIA ARTIFICIAL', 'IFG01BEU', 'EDUCACION', 3, 'TEORICO-PRACTICO'),
(134, 'BASE DE DATOS Y PROGRAMACIÓN DIGITAL', 'IF251AMI', 'INGENIERIA DE MINAS', 3, 'TEORICO-PRACTICO'),
(135, 'DESARROLLO DE SOFTWARE II', 'IF616AIN', 'INGENIERIA INFORMATICA', 2, 'PRACTICO'),
(136, 'PENSAMIENTO COMPUTACIONAL E INTELIGENCIA ARTIFICIAL', 'IFG01AEO', 'ECONOMIA', 3, 'TEORICO-PRACTICO'),
(137, 'PENSAMIENTO COMPUTACIONAL E INTELIGENCIA ARTIFICIAL', 'IFG01AGI', 'INGENIERIA GEOLOGICA', 3, 'TEORICO-PRACTICO'),
(138, 'CORO', 'IF061AIN', 'INGENIERIA INFORMATICA', 2, 'PRACTICO'),
(139, 'PENSAMIENTO COMPUTACIONAL E INTELIGENCIA ARTIFICIAL', 'IFG01AEU', 'EDUCACION', 3, 'TEORICO-PRACTICO'),
(140, 'ALGORITMOS PARALELOS Y DISTRIBUIDOS', 'IF455BIN', 'INGENIERIA INFORMATICA', 4, 'TEORICO'),
(141, 'COMPUTACIÓN GRÁFICA I', 'IF458AIN', 'INGENIERIA INFORMATICA', 4, 'TEORICO-PRACTICO'),
(142, 'PENSAMIENTO COMPUTACIONAL E INTELIGENCIA ARTIFICIAL', 'IFG01CEU', 'EDUCACION', 3, 'PRACTICO'),
(143, 'MÉTODOS NUMÉRICOS', 'IFG02ACI', 'INGENIERIA CIVIL', 3, 'TEORICO'),
(144, 'BIOINFORMATICA', 'IF664BIN', 'INGENIERIA INFORMATICA', 4, 'TEORICO-PRACTICO'),
(145, 'PENSAMIENTO COMPUTACIONAL E INTELIGENCIA ARTIFICIAL', 'IFG01ACC', 'CIENCIAS DE LA COMUNICACION', 3, 'TEORICO'),
(146, 'PENSAMIENTO COMPUTACIONAL E INTELIGENCIA ARTIFICIAL', 'IFG01AAQ', 'ARQUEOLOGIA', 3, 'PRACTICO'),
(147, 'BIOINFORMATICA', 'IF664AIN', 'INGENIERIA INFORMATICA', 4, 'PRACTICO'),
(148, 'PENSAMIENTO COMPUTACIONAL E INTELIGENCIA ARTIFICIAL', 'IFG01BEU', 'EDUCACION', 3, 'PRACTICO'),
(149, 'SISTEMAS OPERATIVOS', 'IF551BIN', 'INGENIERIA INFORMATICA', 4, 'TEORICO-PRACTICO'),
(150, 'BASE DE DATOS Y PROGRAMACIÓN DIGITAL', 'IF251AMI', 'INGENIERIA DE MINAS', 3, 'PRACTICO'),
(151, 'PENSAMIENTO COMPUTACIONAL E INTELIGENCIA ARTIFICIAL', 'IFG01AMT', 'INGENIERIA METALURGICA', 3, 'PRACTICO'),
(152, 'ALGORITMOS AVANZADOS', 'IF456BIN', 'INGENIERIA INFORMATICA', 3, 'TEORICO-PRACTICO'),
(153, 'PENSAMIENTO COMPUTACIONAL E INTELIGENCIA ARTIFICIAL', 'IFG01AMD', 'MEDICINA HUMANA', 3, 'TEORICO'),
(154, 'ALGORITMOS PARALELOS Y DISTRIBUIDOS', 'IF455BIN', 'INGENIERIA INFORMATICA', 4, 'PRACTICO'),
(155, 'PENSAMIENTO COMPUTACIONAL E INTELIGENCIA ARTIFICIAL', 'IFG01AAE', 'CIENCIAS ADMINISTRATIVAS', 3, 'TEORICO'),
(156, 'PENSAMIENTO COMPUTACIONAL E INTELIGENCIA ARTIFICIAL', 'IFG01AEO', 'ECONOMIA', 3, 'PRACTICO'),
(157, 'REDES DE COMPUTADORAS I', 'IF552BIN', 'INGENIERIA INFORMATICA', 4, 'TEORICO-PRACTICO'),
(158, 'PENSAMIENTO COMPUTACIONAL E INTELIGENCIA ARTIFICIAL', 'IFG01AOD', 'ODONTOLOGIA', 3, 'TEORICO-PRACTICO'),
(159, 'PENSAMIENTO COMPUTACIONAL E INTELIGENCIA ARTIFICIAL', 'IFG01APQ', 'INGENIERIA PETROQUIMICA', 3, 'TEORICO'),
(160, 'PENSAMIENTO COMPUTACIONAL E INTELIGENCIA ARTIFICIAL', 'IFG01AQM', 'INGENIERIA QUIMICA', 3, 'TEORICO'),
(161, 'PENSAMIENTO COMPUTACIONAL E INTELIGENCIA ARTIFICIAL', 'IFG01APS', 'PSICOLOGIA', 3, 'PRACTICO'),
(162, 'PENSAMIENTO COMPUTACIONAL E INTELIGENCIA ARTIFICIAL', 'IFG01ACI', 'INGENIERIA CIVIL', 3, 'TEORICO'),
(163, 'PENSAMIENTO COMPUTACIONAL E INTELIGENCIA ARTIFICIAL', 'IFG01AAQ', 'ARQUEOLOGIA', 3, 'PRACTICO'),
(164, 'PENSAMIENTO COMPUTACIONAL E INTELIGENCIA ARTIFICIAL', 'IFG01BEO', 'ECONOMIA', 3, 'TEORICO-PRACTICO'),
(165, 'PENSAMIENTO COMPUTACIONAL E INTELIGENCIA ARTIFICIAL', 'IFG01AHI', 'HISTORIA', 3, 'PRACTICO'),
(166, 'PENSAMIENTO COMPUTACIONAL E INTELIGENCIA ARTIFICIAL', 'IFG01APQ', 'INGENIERIA PETROQUIMICA', 3, 'PRACTICO'),
(167, 'PENSAMIENTO COMPUTACIONAL E INTELIGENCIA ARTIFICIAL', 'IFG01AQM', 'INGENIERIA QUIMICA', 3, 'PRACTICO'),
(168, 'PENSAMIENTO COMPUTACIONAL E INTELIGENCIA ARTIFICIAL', 'IFG01ATU', 'TURISMO', 3, 'PRACTICO'),
(169, 'PENSAMIENTO COMPUTACIONAL E INTELIGENCIA ARTIFICIAL', 'IFG01AAN', 'ANTROPOLOGIA', 3, 'PRACTICO'),
(170, 'PENSAMIENTO COMPUTACIONAL E INTELIGENCIA ARTIFICIAL', 'IFG01ABI', 'BIOLOGIA', 3, 'PRACTICO'),
(171, 'PENSAMIENTO COMPUTACIONAL E INTELIGENCIA ARTIFICIAL', 'IFG01AEI', 'INGENIERIA ELECTRICA', 3, 'PRACTICO'),
(172, 'PENSAMIENTO COMPUTACIONAL E INTELIGENCIA ARTIFICIAL', 'IFG01BAE', 'CIENCIAS ADMINISTRATIVAS', 3, 'PRACTICO'),
(173, 'SISTEMAS OPERATIVOS', 'IF551BIN', 'INGENIERIA INFORMATICA', 4, 'PRACTICO'),
(174, 'MINERIA DE DATOS', 'IF653AIN', 'INGENIERIA INFORMATICA', 4, 'PRACTICO'),
(175, 'LENGUAJE ENSAMBLADOR', 'IF553AIN', 'INGENIERIA INFORMATICA', 3, 'PRACTICO'),
(176, 'MÉTODOS NUMÉRICOS', 'IFG02ACI', 'INGENIERIA CIVIL', 3, 'PRACTICO'),
(177, 'PROCESAMIENTO DE LENGUAJE NATURAL', 'IF656AIN', 'INGENIERIA INFORMATICA', 4, 'PRACTICO'),
(178, 'PENSAMIENTO COMPUTACIONAL E INTELIGENCIA ARTIFICIAL', 'IFG01BTU', 'TURISMO', 3, 'PRACTICO'),
(179, 'INGENIERÍA DE SOFTWARE I', 'IF614AIN', 'INGENIERIA INFORMATICA', 4, 'PRACTICO'),
(180, 'PROGRAMACIÓN DIGITAL II', 'IF109ALI', 'INGENIERIA ELECTRONICA', 3, 'PRACTICO'),
(181, 'PENSAMIENTO COMPUTACIONAL E INTELIGENCIA ARTIFICIAL', 'IFG01AAE', 'CIENCIAS ADMINISTRATIVAS', 3, 'PRACTICO'),
(182, 'REDES DE COMPUTADORAS I', 'IF552AIN', 'INGENIERIA INFORMATICA', 4, 'PRACTICO'),
(183, 'PENSAMIENTO COMPUTACIONAL E INTELIGENCIA ARTIFICIAL', 'IFG01ALI', 'INGENIERIA ELECTRONICA', 3, 'PRACTICO'),
(184, 'PENSAMIENTO COMPUTACIONAL E INTELIGENCIA ARTIFICIAL', 'IFG01AMD', 'MEDICINA HUMANA', 3, 'PRACTICO'),
(185, 'PENSAMIENTO COMPUTACIONAL E INTELIGENCIA ARTIFICIAL', 'IFG01ACC', 'CIENCIAS DE LA COMUNICACION', 3, 'PRACTICO'),
(186, 'MÉTODOS NUMÉRICOS', 'IFG02ACI', 'INGENIERIA CIVIL', 3, 'PRACTICO'),
(187, 'PROGRAMACIÓN II', 'IF453AIN', 'INGENIERIA INFORMATICA', 2, 'PRACTICO'),
(188, 'ANÁLISIS DE DATOS EMPRESARIALES', 'IF619BIN', 'INGENIERIA INFORMATICA', 3, 'PRACTICO'),
(189, 'PENSAMIENTO COMPUTACIONAL E INTELIGENCIA ARTIFICIAL', 'IFG01AAO', 'AGRONOMIA', 3, 'PRACTICO'),
(190, 'PENSAMIENTO COMPUTACIONAL E INTELIGENCIA ARTIFICIAL', 'IFG01AZO', 'ZOOTECNIA', 3, 'PRACTICO'),
(191, 'PROGRAMACIÓN DIGITAL', 'IF401AMI', 'INGENIERIA DE MINAS', 3, 'PRACTICO');

-- INSERTAR SEMESTRE
INSERT INTO Semestre (IdSemestre, Nombre, FechaInicio, FechaFin) VALUES
(1, '2025-I', '2025-03-10', '2025-08-04');

-- INSERTAR PORTAFOLIOS CON LOS CURSOS
INSERT INTO Portafolio (IdPortafolio, IdCurso, IdSemestre, Estado) VALUES
(1, 1, 1, 'EN DESARROLLO'),
(2, 2, 1, 'EN DESARROLLO'),
(3, 3, 1, 'EN DESARROLLO'),
(4, 4, 1, 'EN DESARROLLO'),
(5, 5, 1, 'EN DESARROLLO'),
(6, 6, 1, 'EN DESARROLLO'),
(7, 7, 1, 'EN DESARROLLO'),
(8, 8, 1, 'EN DESARROLLO'),
(9, 9, 1, 'EN DESARROLLO'),
(10, 10, 1, 'EN DESARROLLO'),
(11, 11, 1, 'EN DESARROLLO'),
(12, 12, 1, 'EN DESARROLLO'),
(13, 13, 1, 'EN DESARROLLO'),
(14, 14, 1, 'EN DESARROLLO'),
(15, 15, 1, 'EN DESARROLLO'),
(16, 16, 1, 'EN DESARROLLO'),
(17, 17, 1, 'EN DESARROLLO'),
(18, 18, 1, 'EN DESARROLLO'),
(19, 19, 1, 'EN DESARROLLO'),
(20, 20, 1, 'EN DESARROLLO'),
(21, 21, 1, 'EN DESARROLLO'),
(22, 22, 1, 'EN DESARROLLO'),
(23, 23, 1, 'EN DESARROLLO'),
(24, 24, 1, 'EN DESARROLLO'),
(25, 25, 1, 'EN DESARROLLO'),
(26, 26, 1, 'EN DESARROLLO'),
(27, 27, 1, 'EN DESARROLLO'),
(28, 28, 1, 'EN DESARROLLO'),
(29, 29, 1, 'EN DESARROLLO'),
(30, 30, 1, 'EN DESARROLLO'),
(31, 31, 1, 'EN DESARROLLO'),
(32, 32, 1, 'EN DESARROLLO'),
(33, 33, 1, 'EN DESARROLLO'),
(34, 34, 1, 'EN DESARROLLO'),
(35, 35, 1, 'EN DESARROLLO'),
(36, 36, 1, 'EN DESARROLLO'),
(37, 37, 1, 'EN DESARROLLO'),
(38, 38, 1, 'EN DESARROLLO'),
(39, 39, 1, 'EN DESARROLLO'),
(40, 40, 1, 'EN DESARROLLO'),
(41, 41, 1, 'EN DESARROLLO'),
(42, 42, 1, 'EN DESARROLLO'),
(43, 43, 1, 'EN DESARROLLO'),
(44, 44, 1, 'EN DESARROLLO'),
(45, 45, 1, 'EN DESARROLLO'),
(46, 46, 1, 'EN DESARROLLO'),
(47, 47, 1, 'EN DESARROLLO'),
(48, 48, 1, 'EN DESARROLLO'),
(49, 49, 1, 'EN DESARROLLO'),
(50, 50, 1, 'EN DESARROLLO'),
(51, 51, 1, 'EN DESARROLLO'),
(52, 52, 1, 'EN DESARROLLO'),
(53, 53, 1, 'EN DESARROLLO'),
(54, 54, 1, 'EN DESARROLLO'),
(55, 55, 1, 'EN DESARROLLO'),
(56, 56, 1, 'EN DESARROLLO'),
(57, 57, 1, 'EN DESARROLLO'),
(58, 58, 1, 'EN DESARROLLO'),
(59, 59, 1, 'EN DESARROLLO'),
(60, 60, 1, 'EN DESARROLLO'),
(61, 61, 1, 'EN DESARROLLO'),
(62, 62, 1, 'EN DESARROLLO'),
(63, 63, 1, 'EN DESARROLLO'),
(64, 64, 1, 'EN DESARROLLO'),
(65, 65, 1, 'EN DESARROLLO'),
(66, 66, 1, 'EN DESARROLLO'),
(67, 67, 1, 'EN DESARROLLO'),
(68, 68, 1, 'EN DESARROLLO'),
(69, 69, 1, 'EN DESARROLLO'),
(70, 70, 1, 'EN DESARROLLO'),
(71, 71, 1, 'EN DESARROLLO'),
(72, 72, 1, 'EN DESARROLLO'),
(73, 73, 1, 'EN DESARROLLO'),
(74, 74, 1, 'EN DESARROLLO'),
(75, 75, 1, 'EN DESARROLLO'),
(76, 76, 1, 'EN DESARROLLO'),
(77, 77, 1, 'EN DESARROLLO'),
(78, 78, 1, 'EN DESARROLLO'),
(79, 79, 1, 'EN DESARROLLO'),
(80, 80, 1, 'EN DESARROLLO'),
(81, 81, 1, 'EN DESARROLLO'),
(82, 82, 1, 'EN DESARROLLO'),
(83, 83, 1, 'EN DESARROLLO'),
(84, 84, 1, 'EN DESARROLLO'),
(85, 85, 1, 'EN DESARROLLO'),
(86, 86, 1, 'EN DESARROLLO'),
(87, 87, 1, 'EN DESARROLLO'),
(88, 88, 1, 'EN DESARROLLO'),
(89, 89, 1, 'EN DESARROLLO'),
(90, 90, 1, 'EN DESARROLLO'),
(91, 91, 1, 'EN DESARROLLO'),
(92, 92, 1, 'EN DESARROLLO'),
(93, 93, 1, 'EN DESARROLLO'),
(94, 94, 1, 'EN DESARROLLO'),
(95, 95, 1, 'EN DESARROLLO'),
(96, 96, 1, 'EN DESARROLLO'),
(97, 97, 1, 'EN DESARROLLO'),
(98, 98, 1, 'EN DESARROLLO'),
(99, 99, 1, 'EN DESARROLLO'),
(100, 100, 1, 'EN DESARROLLO'),
(101, 101, 1, 'EN DESARROLLO'),
(102, 102, 1, 'EN DESARROLLO'),
(103, 103, 1, 'EN DESARROLLO'),
(104, 104, 1, 'EN DESARROLLO'),
(105, 105, 1, 'EN DESARROLLO'),
(106, 106, 1, 'EN DESARROLLO'),
(107, 107, 1, 'EN DESARROLLO'),
(108, 108, 1, 'EN DESARROLLO'),
(109, 109, 1, 'EN DESARROLLO'),
(110, 110, 1, 'EN DESARROLLO'),
(111, 111, 1, 'EN DESARROLLO'),
(112, 112, 1, 'EN DESARROLLO'),
(113, 113, 1, 'EN DESARROLLO'),
(114, 114, 1, 'EN DESARROLLO'),
(115, 115, 1, 'EN DESARROLLO'),
(116, 116, 1, 'EN DESARROLLO'),
(117, 117, 1, 'EN DESARROLLO'),
(118, 118, 1, 'EN DESARROLLO'),
(119, 119, 1, 'EN DESARROLLO'),
(120, 120, 1, 'EN DESARROLLO'),
(121, 121, 1, 'EN DESARROLLO'),
(122, 122, 1, 'EN DESARROLLO'),
(123, 123, 1, 'EN DESARROLLO'),
(124, 124, 1, 'EN DESARROLLO'),
(125, 125, 1, 'EN DESARROLLO'),
(126, 126, 1, 'EN DESARROLLO'),
(127, 127, 1, 'EN DESARROLLO'),
(128, 128, 1, 'EN DESARROLLO'),
(129, 129, 1, 'EN DESARROLLO'),
(130, 130, 1, 'EN DESARROLLO'),
(131, 131, 1, 'EN DESARROLLO'),
(132, 132, 1, 'EN DESARROLLO'),
(133, 133, 1, 'EN DESARROLLO'),
(134, 134, 1, 'EN DESARROLLO'),
(135, 135, 1, 'EN DESARROLLO'),
(136, 136, 1, 'EN DESARROLLO'),
(137, 137, 1, 'EN DESARROLLO'),
(138, 138, 1, 'EN DESARROLLO'),
(139, 139, 1, 'EN DESARROLLO'),
(140, 140, 1, 'EN DESARROLLO'),
(141, 141, 1, 'EN DESARROLLO'),
(142, 142, 1, 'EN DESARROLLO'),
(143, 143, 1, 'EN DESARROLLO'),
(144, 144, 1, 'EN DESARROLLO'),
(145, 145, 1, 'EN DESARROLLO'),
(146, 146, 1, 'EN DESARROLLO'),
(147, 147, 1, 'EN DESARROLLO'),
(148, 148, 1, 'EN DESARROLLO'),
(149, 149, 1, 'EN DESARROLLO'),
(150, 150, 1, 'EN DESARROLLO'),
(151, 151, 1, 'EN DESARROLLO'),
(152, 152, 1, 'EN DESARROLLO'),
(153, 153, 1, 'EN DESARROLLO'),
(154, 154, 1, 'EN DESARROLLO'),
(155, 155, 1, 'EN DESARROLLO'),
(156, 156, 1, 'EN DESARROLLO'),
(157, 157, 1, 'EN DESARROLLO'),
(158, 158, 1, 'EN DESARROLLO'),
(159, 159, 1, 'EN DESARROLLO'),
(160, 160, 1, 'EN DESARROLLO'),
(161, 161, 1, 'EN DESARROLLO'),
(162, 162, 1, 'EN DESARROLLO'),
(163, 163, 1, 'EN DESARROLLO'),
(164, 164, 1, 'EN DESARROLLO'),
(165, 165, 1, 'EN DESARROLLO'),
(166, 166, 1, 'EN DESARROLLO'),
(167, 167, 1, 'EN DESARROLLO'),
(168, 168, 1, 'EN DESARROLLO'),
(169, 169, 1, 'EN DESARROLLO'),
(170, 170, 1, 'EN DESARROLLO'),
(171, 171, 1, 'EN DESARROLLO'),
(172, 172, 1, 'EN DESARROLLO'),
(173, 173, 1, 'EN DESARROLLO'),
(174, 174, 1, 'EN DESARROLLO'),
(175, 175, 1, 'EN DESARROLLO'),
(176, 176, 1, 'EN DESARROLLO'),
(177, 177, 1, 'EN DESARROLLO'),
(178, 178, 1, 'EN DESARROLLO'),
(179, 179, 1, 'EN DESARROLLO'),
(180, 180, 1, 'EN DESARROLLO'),
(181, 181, 1, 'EN DESARROLLO'),
(182, 182, 1, 'EN DESARROLLO'),
(183, 183, 1, 'EN DESARROLLO'),
(184, 184, 1, 'EN DESARROLLO'),
(185, 185, 1, 'EN DESARROLLO'),
(186, 186, 1, 'EN DESARROLLO'),
(187, 187, 1, 'EN DESARROLLO'),
(188, 188, 1, 'EN DESARROLLO'),
(189, 189, 1, 'EN DESARROLLO'),
(190, 190, 1, 'EN DESARROLLO'),
(191, 191, 1, 'EN DESARROLLO');


-- INSERTAR PORTAFOLIOS POR USUARIO
INSERT INTO PortafolioUsuario (IdPortafolioUsuario, IdPortafolio, IdUsuario, RolEnPortafolio) VALUES
(1, 1, 1, 'DOCENTE'),
(2, 2, 2, 'DOCENTE'),
(3, 3, 2, 'DOCENTE'),
(4, 4, 2, 'DOCENTE'),
(5, 5, 3, 'DOCENTE'),
(6, 6, 3, 'DOCENTE'),
(7, 7, 4, 'DOCENTE'),
(8, 8, 4, 'DOCENTE'),
(9, 9, 4, 'DOCENTE'),
(10, 10, 5, 'DOCENTE'),
(11, 11, 5, 'DOCENTE'),
(12, 12, 6, 'DOCENTE'),
(13, 13, 6, 'DOCENTE'),
(14, 14, 6, 'DOCENTE'),
(15, 15, 7, 'DOCENTE'),
(16, 16, 7, 'DOCENTE'),
(17, 17, 8, 'DOCENTE'),
(18, 18, 8, 'DOCENTE'),
(19, 19, 8, 'DOCENTE'),
(20, 20, 9, 'DOCENTE'),
(21, 21, 9, 'DOCENTE'),
(22, 22, 10, 'DOCENTE'),
(23, 23, 10, 'DOCENTE'),
(24, 24, 11, 'DOCENTE'),
(25, 25, 11, 'DOCENTE'),
(26, 26, 12, 'DOCENTE'),
(27, 27, 13, 'DOCENTE'),
(28, 28, 13, 'DOCENTE'),
(29, 29, 13, 'DOCENTE'),
(30, 30, 14, 'DOCENTE'),
(31, 31, 14, 'DOCENTE'),
(32, 32, 14, 'DOCENTE'),
(33, 33, 15, 'DOCENTE'),
(34, 34, 15, 'DOCENTE'),
(35, 35, 16, 'DOCENTE'),
(36, 36, 16, 'DOCENTE'),
(37, 37, 16, 'DOCENTE'),
(38, 38, 17, 'DOCENTE'),
(39, 39, 17, 'DOCENTE'),
(40, 40, 18, 'DOCENTE'),
(41, 41, 18, 'DOCENTE'),
(42, 42, 18, 'DOCENTE'),
(43, 43, 19, 'DOCENTE'),
(44, 44, 19, 'DOCENTE'),
(45, 45, 19, 'DOCENTE'),
(46, 46, 19, 'DOCENTE'),
(47, 47, 20, 'DOCENTE'),
(48, 48, 20, 'DOCENTE'),
(49, 49, 20, 'DOCENTE'),
(50, 50, 20, 'DOCENTE'),
(51, 51, 21, 'DOCENTE'),
(52, 52, 21, 'DOCENTE'),
(53, 53, 21, 'DOCENTE'),
(54, 54, 22, 'DOCENTE'),
(55, 55, 22, 'DOCENTE'),
(56, 56, 23, 'DOCENTE'),
(57, 57, 23, 'DOCENTE'),
(58, 58, 23, 'DOCENTE'),
(59, 59, 23, 'DOCENTE'),
(60, 60, 23, 'DOCENTE'),
(61, 61, 23, 'DOCENTE'),
(62, 62, 24, 'DOCENTE'),
(63, 63, 24, 'DOCENTE'),
(64, 64, 24, 'DOCENTE'),
(65, 65, 25, 'DOCENTE'),
(66, 66, 25, 'DOCENTE'),
(67, 67, 26, 'DOCENTE'),
(68, 68, 26, 'DOCENTE'),
(69, 69, 26, 'DOCENTE'),
(70, 70, 27, 'DOCENTE'),
(71, 71, 27, 'DOCENTE'),
(72, 72, 27, 'DOCENTE'),
(73, 73, 27, 'DOCENTE'),
(74, 74, 28, 'DOCENTE'),
(75, 75, 28, 'DOCENTE'),
(76, 76, 28, 'DOCENTE'),
(77, 77, 28, 'DOCENTE'),
(78, 78, 29, 'DOCENTE'),
(79, 79, 29, 'DOCENTE'),
(80, 80, 29, 'DOCENTE'),
(81, 81, 30, 'DOCENTE'),
(82, 82, 30, 'DOCENTE'),
(83, 83, 30, 'DOCENTE'),
(84, 84, 30, 'DOCENTE'),		
(85, 85, 31, 'DOCENTE'),
(86, 86, 31, 'DOCENTE'),
(87, 87, 31, 'DOCENTE'),
(88, 88, 31, 'DOCENTE'),
(89, 89, 31, 'DOCENTE'),		
(90, 90, 32, 'DOCENTE'),
(91, 91, 32, 'DOCENTE'),
(92, 92, 32, 'DOCENTE'),
(93, 93, 32, 'DOCENTE'),
(94, 94, 32, 'DOCENTE'),
(95, 95, 32, 'DOCENTE'),		
(96, 96, 33, 'DOCENTE'),
(97, 97, 33, 'DOCENTE'),
(98, 98, 33, 'DOCENTE'),
(99, 99, 33, 'DOCENTE'),
(100, 100, 33, 'DOCENTE'),
(101, 101, 33, 'DOCENTE'),
(102, 102, 33, 'DOCENTE'),		  
(103, 103, 34, 'DOCENTE'),
(104, 104, 34, 'DOCENTE'),
(105, 105, 34, 'DOCENTE'),
(106, 106, 34, 'DOCENTE'),
(107, 107, 34, 'DOCENTE'),		   
(108, 108, 35, 'DOCENTE'),
(109, 109, 35, 'DOCENTE'),
(110, 110, 35, 'DOCENTE'),
(111, 111, 35, 'DOCENTE'),
(112, 112, 35, 'DOCENTE'),		   
(113, 113, 36, 'DOCENTE'),
(114, 114, 36, 'DOCENTE'),
(115, 115, 36, 'DOCENTE'),
(116, 116, 36, 'DOCENTE'),
(117, 117, 36, 'DOCENTE'),		   
(118, 118, 37, 'DOCENTE'),
(119, 119, 37, 'DOCENTE'),
(120, 120, 37, 'DOCENTE'),
(121, 121, 37, 'DOCENTE'),
(122, 122, 37, 'DOCENTE'),		  
(123, 123, 38, 'DOCENTE'),
(124, 124, 38, 'DOCENTE'),
(125, 125, 38, 'DOCENTE'),
(126, 126, 38, 'DOCENTE'),
(127, 127, 38, 'DOCENTE'),	  
(128, 128, 39, 'DOCENTE'),
(129, 129, 39, 'DOCENTE'),
(130, 130, 39, 'DOCENTE'),
(131, 131, 39, 'DOCENTE'),		 
(132, 132, 40, 'DOCENTE'),
(133, 133, 40, 'DOCENTE'),		   
(134, 134, 41, 'DOCENTE'),
(135, 135, 41, 'DOCENTE'),		   
(136, 136, 42, 'DOCENTE'),
(137, 137, 42, 'DOCENTE'),		  
(138, 138, 43, 'DOCENTE'),
(139, 139, 43, 'DOCENTE'),		  
(140, 140, 44, 'DOCENTE'),
(141, 141, 44, 'DOCENTE'),		  
(142, 142, 45, 'DOCENTE'),
(143, 143, 45, 'DOCENTE'),
(144, 144, 45, 'DOCENTE'),		  
(145, 145, 46, 'DOCENTE'),
(146, 146, 46, 'DOCENTE'),
(147, 147, 46, 'DOCENTE'),
(148, 148, 46, 'DOCENTE'),		  
(149, 149, 47, 'DOCENTE'),
(150, 150, 47, 'DOCENTE'),
(151, 151, 47, 'DOCENTE'),		  
(152, 152, 48, 'DOCENTE'),		  
(153, 153, 49, 'DOCENTE'),
(154, 154, 49, 'DOCENTE'),		  
(155, 155, 50, 'DOCENTE'),
(156, 156, 50, 'DOCENTE'),		  
(157, 157, 51, 'DOCENTE'),		  
(158, 158, 52, 'DOCENTE'),		 
(159, 159, 53, 'DOCENTE'),
(160, 160, 53, 'DOCENTE'),
(161, 161, 53, 'DOCENTE'),		  
(162, 162, 54, 'DOCENTE'),
(163, 163, 54, 'DOCENTE'),		 
(164, 164, 55, 'DOCENTE'),		 
(165, 165, 56, 'DOCENTE'),
(166, 166, 56, 'DOCENTE'),
(167, 167, 56, 'DOCENTE'),
(168, 168, 56, 'DOCENTE'),
(169, 169, 56, 'DOCENTE'),
(170, 170, 56, 'DOCENTE'),
(171, 171, 56, 'DOCENTE'),
(172, 172, 56, 'DOCENTE'),		  
(173, 173, 57, 'DOCENTE'),
(174, 174, 57, 'DOCENTE'),
(175, 175, 57, 'DOCENTE'),
(176, 176, 57, 'DOCENTE'),
(177, 177, 57, 'DOCENTE'),		   
(178, 178, 58, 'DOCENTE'),
(179, 179, 58, 'DOCENTE'),
(180, 180, 58, 'DOCENTE'),
(181, 181, 58, 'DOCENTE'),
(182, 182, 58, 'DOCENTE'),
(183, 183, 58, 'DOCENTE'),		   
(184, 184, 59, 'DOCENTE'),
(185, 185, 59, 'DOCENTE'),
(186, 186, 59, 'DOCENTE'),
(187, 187, 59, 'DOCENTE'),		   
(188, 188, 60, 'DOCENTE'),
(189, 189, 60, 'DOCENTE'),
(190, 190, 60, 'DOCENTE'),
(191, 191, 60, 'DOCENTE');
